Company Name,Job Skill,Job Name,Posted On,More Info
"HAPPYSQUAREOUTSOURCINGSERVICESPVT.LTD.
(MoreJobs)","Python,AWSLambda,GitHub,DynamoDB,Postgres,S3,Python,Python,badPython,Python,Django,Flask,Python,Linux",Python,Posted a month ago,http://tinyurl.com/ynvpks99
"MaxgenTechnologies
(MoreJobs)",.,Python,Posted few days ago,http://tinyurl.com/yncysnqw
"MaxgenTechnologies
(MoreJobs)",.,Python,Posted few days ago,http://tinyurl.com/ysxa2ulm
"MaxgenTechnologies
(MoreJobs)",corepython,Python,Posted a month ago,http://tinyurl.com/yt6ok6j9
"SMASHBIGINC.
(MoreJobs)",Python,Python,Work from Home,http://tinyurl.com/yoo9yhmg
"SMASHBIGINC.
(MoreJobs)",Python,Python,Work from Home,http://tinyurl.com/2x47x4an
CRIMSONINTERACTIVEPVTLTD,"engineering,Nodejs,Python,",Python,Posted few days ago,http://tinyurl.com/yogzd7ap
MeteonicInnovation,"python,devops,debugandmodify",Python,Posted few days ago,http://tinyurl.com/ylavhkvf
AcuityKnowledgePartners,"python,django,postgresql,angularjs",Python,Posted few days ago,http://tinyurl.com/ytvk4hvd
infinitybusinesssolutionspvtltd,"Python,Django,JavaScript,MySQL,React,css,html5,javascriptdeveloper,security,git,apache,mysql,softwareengineer,python,svn,django",Python,Posted few days ago,http://tinyurl.com/yma3zejr
Nutanix,"sdet,automation,engineer,java,python,c,storage,linux,debugging,perl,windows,infrastructure",Python,Posted 2 days ago,http://tinyurl.com/yrd55v3t
Nutanix,"sdet,automation,engineer,java,python,c,storage,linux,debugging,perl,windows,infrastructure",Python,Posted 2 days ago,http://tinyurl.com/ym4vq7nx
Nutanix,"pythonautomation,testautomation,programming,problemsolving,operatingsystems,storage,productdelivery,qa,infrastructure,writing",Python,Posted 2 days ago,http://tinyurl.com/ytoal2m5
Nutanix,"pythonautomation,testautomation,programming,problemsolving,operatingsystems,storage,productdelivery,qa,infrastructure,writing",Python,Posted 2 days ago,http://tinyurl.com/ywupqc6e
ajaxmediatechpvtltd,"rest,python,database,django,linux,softwareengineer,webdevelopment,javascript",PYTHON,Posted few days ago,http://tinyurl.com/yvff88u6
AbsolutDataResearch&Analytics(P)Ltd,"pythonprogramming,endtoendsolutiondesign,python,mysql,flask,problemsolving,infrastructure",Python,Posted few days ago,http://tinyurl.com/yo9r3lbz
"2COMSConsultingPvtLtd
(MoreJobs)","Python,AIML",Python,Posted few days ago,http://tinyurl.com/yp2humsl
infinitybusinesssolutionspvtltd,"AWS,Python,Terraform,DataPipelines,Devops,technicalspecialist,database,java,devops,api,technicalskills,bigdata,cloudcomputing,python,oracle,teamplayer,problemsolving,productionsupport,infrastructure,projectdelivery",PYTHON,Posted few days ago,http://tinyurl.com/yltgu8ds
PaceWisdomSolutionsPvtLtd.,"python,django,webdevelopment,sql,leadership,database,security,git,debugging",Python,Posted few days ago,http://tinyurl.com/yqm9xb49
VeevaSystems,"css,database,postgresql,debugging,html,mysql,rest,san,python,javascript,django,forms",Python,Posted few days ago,http://tinyurl.com/yny7s4yh
SRIJANTECHNOLOGIES,"dataengineering,awsservices,sql,pythonprogramming,agilemethodologies,orchestration,salesforce,apache,api,datawarehousing,dataextraction,security,technicalskills,crm,rest,forms",Python,Posted 4 days ago,http://tinyurl.com/ysn4vysu
rxlogixcorporation,"SolutionDevelopment,FormDataExtraction,MLEngineering,ScalableArchitectures,EndtoEndSystemDesign,c,sql,dataextraction,java,imageprocessing,python,machinelearning,django,forms,opencv",Python,Posted few days ago,http://tinyurl.com/ywoygq77
Mplussoft,"python,teamplayer,webprogramming,javascript,infrastructure,html,unix/linux,middleware",PYTHON,Posted few days ago,http://tinyurl.com/ymeh2wj7
HyreFoxConsultants,"rest,python,os,clientserver,sql,docker,git,django,postgresql,linux,datastructures,mysql",Python,Posted few days ago,http://tinyurl.com/yrq4lgjw
ceredoxtechnologies,"python,softwareengineering,cybersecurity,apiintegrations,database,nosql,django,projectdelivery,mongodb",Python,Posted few days ago,http://tinyurl.com/yrj99td7
